iter	RMSE
0	3041.859302
1	2745.041944
